====================================================================================================
CORRDIFF - FASE 6 - CICLO DIURNO CONDICIONADO À DISPONIBILIDADE
====================================================================================================
Versão: phase6-diurnal-v1-availability-conditioned-season-standardized
Timezone local: America/Sao_Paulo
Cobertura global: 69.00%
Offsets UTC observados: {'-3.0': 65130, '-2.0': 19554}

COBERTURA POR HORA UTC
----------------------------------------------------------------------------------------------------
 hour_utc  expected_timestamps  available_timestamps  missing_timestamps  coverage_ratio
        0                 5114                  3872                1242        0.757137
        1                 5114                  3992                1122        0.780602
        2                 5114                  3828                1286        0.748533
        3                 5114                  3772                1342        0.737583
        4                 5114                  3770                1344        0.737192
        5                 5114                  3782                1332        0.739539
        6                 5114                  3694                1420        0.722331
        7                 5114                  3616                1498        0.707079
        8                 5114                  3470                1644        0.678530
        9                 5114                  3260                1854        0.637466
       10                 5114                  3193                1921        0.624364
       11                 5114                  3135                1979        0.613023
       12                 5114                  3214                1900        0.628471
       13                 5114                  3307                1807        0.646656
       14                 5114                  3198                1916        0.625342
       15                 5114                  3165                1949        0.618889
       16                 5114                  3237                1877        0.632968
       17                 5114                  3303                1811        0.645874
       18                 5114                  3448                1666        0.674228
       19                 5114                  3560                1554        0.696128
       20                 5114                  3589                1525        0.701799
       21                 5114                  3713                1401        0.726046
       22                 5114                  3779                1335        0.738952
       23                 5114                  3787                1327        0.740516

COBERTURA POR HORA LOCAL
----------------------------------------------------------------------------------------------------
 hour_local  expected_timestamps  available_timestamps  missing_timestamps  coverage_ratio
          0                 5106                  3767                1339        0.737759
          1                 5114                  3761                1353        0.735432
          2                 5114                  3797                1317        0.742472
          3                 5114                  3710                1404        0.725460
          4                 5114                  3641                1473        0.711967
          5                 5114                  3486                1628        0.681658
          6                 5114                  3288                1826        0.642941
          7                 5114                  3205                1909        0.626711
          8                 5114                  3164                1950        0.618694
          9                 5114                  3190                1924        0.623778
         10                 5114                  3316                1798        0.648416
         11                 5114                  3160                1954        0.617912
         12                 5114                  3161                1953        0.618107
         13                 5114                  3229                1885        0.631404
         14                 5114                  3264                1850        0.638248
         15                 5114                  3424                1690        0.669535
         16                 5114                  3553                1561        0.694759
         17                 5114                  3585                1529        0.701017
         18                 5114                  3709                1405        0.725264
         19                 5114                  3788                1326        0.740712
         20                 5114                  3785                1329        0.740125
         21                 5113                  3871                1242        0.757090
         22                 5114                  3985                1129        0.779233
         23                 5123                  3845                1278        0.750537

EVENTO gt_0 - HORA LOCAL
----------------------------------------------------------------------------------------------------
 hour_local  coverage_ratio  pixel_event_rate  timestamp_any_event_rate  patch_any_event_rate  mean_event_pixel_fraction_given_event_timestamp  mean_positive_dbz  mean_timestamp_max_dbz
          0        0.737759          0.013209                  0.502256              0.253584                                         0.026298          29.110165               15.101139
          1        0.735432          0.010909                  0.489232              0.242467                                         0.022298          27.695625               14.526730
          2        0.742472          0.011719                  0.489860              0.242450                                         0.023922          29.034796               14.421674
          3        0.725460          0.010545                  0.491914              0.239825                                         0.021436          28.089517               14.267651
          4        0.711967          0.010475                  0.499039              0.244324                                         0.020991          28.126545               14.438259
          5        0.681658          0.010431                  0.522088              0.252582                                         0.019979          27.299298               14.957232
          6        0.642941          0.010361                  0.509124              0.248961                                         0.020352          27.469837               14.551977
          7        0.626711          0.009774                  0.506084              0.252964                                         0.019312          26.467230               14.475739
          8        0.618694          0.008786                  0.522124              0.254240                                         0.016827          25.383119               14.924294
          9        0.623778          0.009230                  0.531975              0.266170                                         0.017351          25.308360               15.940948
         10        0.648416          0.010389                  0.583836              0.288777                                         0.017795          26.454340               18.461725
         11        0.617912          0.013047                  0.647468              0.330617                                         0.020151          26.794138               21.861383
         12        0.618107          0.016068                  0.677634              0.364336                                         0.023711          26.916835               24.101053
         13        0.631404          0.019137                  0.702385              0.380820                                         0.027246          27.379467               25.112015
         14        0.638248          0.020900                  0.699449              0.390906                                         0.029881          27.004704               25.201944
         15        0.669535          0.022861                  0.687208              0.386293                                         0.033267          26.881720               24.400463
         16        0.694759          0.021870                  0.652125              0.365442                                         0.033536          26.910529               22.421326
         17        0.701017          0.020944                  0.642957              0.357462                                         0.032575          26.348599               21.560369
         18        0.725264          0.020661                  0.637369              0.352251                                         0.032416          26.242303               20.811054
         19        0.740712          0.020285                  0.625660              0.338437                                         0.032422          27.286075               20.077799
         20        0.740125          0.017710                  0.594716              0.315103                                         0.029779          27.086073               18.680321
         21        0.757090          0.014932                  0.564195              0.293766                                         0.026466          27.252000               17.358025
         22        0.779233          0.013444                  0.526223              0.272710                                         0.025548          27.605435               16.045084
         23        0.750537          0.013179                  0.514174              0.263199                                         0.025632          28.034316               15.515647

EVENTO ge_20 - HORA LOCAL
----------------------------------------------------------------------------------------------------
 hour_local  coverage_ratio  pixel_event_rate  timestamp_any_event_rate  patch_any_event_rate  mean_event_pixel_fraction_given_event_timestamp  mean_positive_dbz  mean_timestamp_max_dbz
          0        0.737759          0.013076                  0.500664              0.252809                                         0.026117          29.110165               15.101139
          1        0.735432          0.010795                  0.486573              0.240871                                         0.022185          27.695625               14.526730
          2        0.742472          0.011603                  0.486963              0.240804                                         0.023827          29.034796               14.421674
          3        0.725460          0.010444                  0.489757              0.238567                                         0.021324          28.089517               14.267651
          4        0.711967          0.010366                  0.496018              0.242951                                         0.020899          28.126545               14.438259
          5        0.681658          0.010312                  0.520367              0.251769                                         0.019817          27.299298               14.957232
          6        0.642941          0.010250                  0.506995              0.247567                                         0.020217          27.469837               14.551977
          7        0.626711          0.009660                  0.502028              0.251300                                         0.019242          26.467230               14.475739
          8        0.618694          0.008683                  0.519595              0.252976                                         0.016710          25.383119               14.924294
          9        0.623778          0.009117                  0.530094              0.265047                                         0.017199          25.308360               15.940948
         10        0.648416          0.010275                  0.581423              0.287445                                         0.017672          26.454340               18.461725
         11        0.617912          0.012906                  0.645253              0.328850                                         0.020002          26.794138               21.861383
         12        0.618107          0.015880                  0.675736              0.362781                                         0.023501          26.916835               24.101053
         13        0.631404          0.018916                  0.699907              0.379271                                         0.027027          27.379467               25.112015
         14        0.638248          0.020651                  0.698223              0.389757                                         0.029577          27.004704               25.201944
         15        0.669535          0.022570                  0.685748              0.384808                                         0.032913          26.881720               24.400463
         16        0.694759          0.021588                  0.650155              0.364363                                         0.033204          26.910529               22.421326
         17        0.701017          0.020650                  0.640725              0.356485                                         0.032229          26.348599               21.560369
         18        0.725264          0.020386                  0.635212              0.351128                                         0.032094          26.242303               20.811054
         19        0.740712          0.020038                  0.623020              0.337029                                         0.032163          27.286075               20.077799
         20        0.740125          0.017482                  0.592867              0.314113                                         0.029487          27.086073               18.680321
         21        0.757090          0.014753                  0.562645              0.292539                                         0.026221          27.252000               17.358025
         22        0.779233          0.013287                  0.524969              0.271999                                         0.025311          27.605435               16.045084
         23        0.750537          0.013034                  0.512354              0.262159                                         0.025439          28.034316               15.515647

EVENTO ge_30 - HORA LOCAL
----------------------------------------------------------------------------------------------------
 hour_local  coverage_ratio  pixel_event_rate  timestamp_any_event_rate  patch_any_event_rate  mean_event_pixel_fraction_given_event_timestamp  mean_positive_dbz  mean_timestamp_max_dbz
          0        0.737759          0.005626                  0.252721              0.126139                                         0.022261          29.110165               15.101139
          1        0.735432          0.003945                  0.238766              0.118275                                         0.016522          27.695625               14.526730
          2        0.742472          0.004924                  0.233605              0.115727                                         0.021077          29.034796               14.421674
          3        0.725460          0.003947                  0.221563              0.109052                                         0.017813          28.089517               14.267651
          4        0.711967          0.003914                  0.221368              0.109631                                         0.017682          28.126545               14.438259
          5        0.681658          0.003522                  0.221457              0.111948                                         0.015902          27.299298               14.957232
          6        0.642941          0.003568                  0.221715              0.109033                                         0.016094          27.469837               14.551977
          7        0.626711          0.002899                  0.223713              0.109022                                         0.012961          26.467230               14.475739
          8        0.618694          0.002172                  0.222819              0.106721                                         0.009747          25.383119               14.924294
          9        0.623778          0.002227                  0.265831              0.121944                                         0.008378          25.308360               15.940948
         10        0.648416          0.003090                  0.329011              0.141988                                         0.009391          26.454340               18.461725
         11        0.617912          0.004156                  0.418987              0.185127                                         0.009920          26.794138               21.861383
         12        0.618107          0.005292                  0.485922              0.228514                                         0.010890          26.916835               24.101053
         13        0.631404          0.006821                  0.501703              0.247548                                         0.013595          27.379467               25.112015
         14        0.638248          0.007111                  0.510417              0.255923                                         0.013932          27.004704               25.201944
         15        0.669535          0.007792                  0.492114              0.253213                                         0.015834          26.881720               24.400463
         16        0.694759          0.007568                  0.441599              0.228727                                         0.017137          26.910529               22.421326
         17        0.701017          0.006716                  0.411715              0.214900                                         0.016312          26.348599               21.560369
         18        0.725264          0.006538                  0.390402              0.203244                                         0.016747          26.242303               20.811054
         19        0.740712          0.007249                  0.369060              0.187698                                         0.019642          27.286075               20.077799
         20        0.740125          0.006095                  0.331044              0.168538                                         0.018412          27.086073               18.680321
         21        0.757090          0.005227                  0.303022              0.155192                                         0.017251          27.252000               17.358025
         22        0.779233          0.004866                  0.276788              0.138185                                         0.017581          27.605435               16.045084
         23        0.750537          0.004999                  0.263979              0.133073                                         0.018939          28.034316               15.515647

EVENTO ge_40 - HORA LOCAL
----------------------------------------------------------------------------------------------------
 hour_local  coverage_ratio  pixel_event_rate  timestamp_any_event_rate  patch_any_event_rate  mean_event_pixel_fraction_given_event_timestamp  mean_positive_dbz  mean_timestamp_max_dbz
          0        0.737759          0.001736                  0.120786              0.052451                                         0.014375          29.110165               15.101139
          1        0.735432          0.001074                  0.108748              0.045888                                         0.009881          27.695625               14.526730
          2        0.742472          0.001517                  0.101923              0.042929                                         0.014879          29.034796               14.421674
          3        0.725460          0.001169                  0.093261              0.038342                                         0.012535          28.089517               14.267651
          4        0.711967          0.001181                  0.099149              0.039664                                         0.011916          28.126545               14.438259
          5        0.681658          0.000948                  0.093517              0.037866                                         0.010134          27.299298               14.957232
          6        0.642941          0.000975                  0.088200              0.035584                                         0.011050          27.469837               14.551977
          7        0.626711          0.000711                  0.089860              0.036843                                         0.007916          26.467230               14.475739
          8        0.618694          0.000438                  0.095765              0.037479                                         0.004569          25.383119               14.924294
          9        0.623778          0.000442                  0.119749              0.045794                                         0.003695          25.308360               15.940948
         10        0.648416          0.000818                  0.172195              0.061746                                         0.004748          26.454340               18.461725
         11        0.617912          0.001174                  0.264241              0.095359                                         0.004441          26.794138               21.861383
         12        0.618107          0.001589                  0.341664              0.130918                                         0.004651          26.916835               24.101053
         13        0.631404          0.002092                  0.367296              0.153531                                         0.005695          27.379467               25.112015
         14        0.638248          0.002063                  0.372243              0.155331                                         0.005541          27.004704               25.201944
         15        0.669535          0.001970                  0.349299              0.147732                                         0.005640          26.881720               24.400463
         16        0.694759          0.001839                  0.291585              0.127521                                         0.006308          26.910529               22.421326
         17        0.701017          0.001374                  0.260809              0.113180                                         0.005268          26.348599               21.560369
         18        0.725264          0.001261                  0.234295              0.103060                                         0.005384          26.242303               20.811054
         19        0.740712          0.001702                  0.209873              0.089537                                         0.008111          27.286075               20.077799
         20        0.740125          0.001441                  0.182034              0.077037                                         0.007918          27.086073               18.680321
         21        0.757090          0.001289                  0.155257              0.066025                                         0.008301          27.252000               17.358025
         22        0.779233          0.001274                  0.132999              0.056023                                         0.009578          27.605435               16.045084
         23        0.750537          0.001398                  0.125878              0.054205                                         0.011105          28.034316               15.515647

EVENTO ge_45 - HORA LOCAL
----------------------------------------------------------------------------------------------------
 hour_local  coverage_ratio  pixel_event_rate  timestamp_any_event_rate  patch_any_event_rate  mean_event_pixel_fraction_given_event_timestamp  mean_positive_dbz  mean_timestamp_max_dbz
          0        0.737759          0.001228                  0.033183              0.013583                                         0.037021          29.110165               15.101139
          1        0.735432          0.000722                  0.032970              0.011854                                         0.021885          27.695625               14.526730
          2        0.742472          0.001107                  0.026337              0.010513                                         0.042039          29.034796               14.421674
          3        0.725460          0.000810                  0.021833              0.009254                                         0.037090          28.089517               14.267651
          4        0.711967          0.000820                  0.022796              0.009361                                         0.035964          28.126545               14.438259
          5        0.681658          0.000652                  0.022088              0.008510                                         0.029540          27.299298               14.957232
          6        0.642941          0.000694                  0.021898              0.008719                                         0.031693          27.469837               14.551977
          7        0.626711          0.000472                  0.017473              0.006786                                         0.027027          26.467230               14.475739
          8        0.618694          0.000248                  0.019279              0.006927                                         0.012853          25.383119               14.924294
          9        0.623778          0.000243                  0.032915              0.010528                                         0.007382          25.308360               15.940948
         10        0.648416          0.000465                  0.068456              0.021185                                         0.006788          26.454340               18.461725
         11        0.617912          0.000605                  0.134177              0.041007                                         0.004512          26.794138               21.861383
         12        0.618107          0.000687                  0.202151              0.066804                                         0.003397          26.916835               24.101053
         13        0.631404          0.000907                  0.233819              0.081759                                         0.003878          27.379467               25.112015
         14        0.638248          0.000800                  0.231311              0.082925                                         0.003458          27.004704               25.201944
         15        0.669535          0.000728                  0.200643              0.070191                                         0.003630          26.881720               24.400463
         16        0.694759          0.000658                  0.158458              0.056783                                         0.004155          26.910529               22.421326
         17        0.701017          0.000377                  0.124407              0.044863                                         0.003034          26.348599               21.560369
         18        0.725264          0.000328                  0.098409              0.034803                                         0.003330          26.242303               20.811054
         19        0.740712          0.000872                  0.077614              0.028489                                         0.011236          27.286075               20.077799
         20        0.740125          0.000751                  0.057596              0.021224                                         0.013031          27.086073               18.680321
         21        0.757090          0.000720                  0.048050              0.017954                                         0.014989          27.252000               17.358025
         22        0.779233          0.000778                  0.039147              0.014680                                         0.019868          27.605435               16.045084
         23        0.750537          0.000905                  0.036671              0.013372                                         0.024674          28.034316               15.515647

PERFIL LOCAL PADRONIZADO POR ESTAÇÃO
----------------------------------------------------------------------------------------------------
event_id  hour_local  n_seasons  pixel_event_rate  timestamp_any_event_rate  patch_any_event_rate  mean_event_pixel_fraction_given_event_timestamp  mean_positive_dbz
   ge_20           0          4          0.012878                  0.494407              0.248666                                         0.025838          29.391395
   ge_20           1          4          0.010690                  0.482416              0.237079                                         0.022096          28.111210
   ge_20           2          4          0.011464                  0.481842              0.237491                                         0.023404          29.145584
   ge_20           3          4          0.010241                  0.485569              0.235211                                         0.020727          28.414018
   ge_20           4          4          0.010156                  0.492544              0.240367                                         0.019832          27.541969
   ge_20           5          4          0.009947                  0.515765              0.248621                                         0.018749          26.787477
   ge_20           6          4          0.009894                  0.500257              0.243617                                         0.019101          26.992989
   ge_20           7          4          0.009305                  0.496263              0.247052                                         0.017874          25.964578
   ge_20           8          4          0.008359                  0.514162              0.248665                                         0.015790          25.308265
   ge_20           9          4          0.008865                  0.524838              0.261518                                         0.016133          24.957128
   ge_20          10          4          0.010206                  0.580458              0.286536                                         0.017017          26.835487
   ge_20          11          4          0.012482                  0.635596              0.321684                                         0.018623          26.396401
   ge_20          12          4          0.015281                  0.660841              0.352312                                         0.022278          27.254125
   ge_20          13          4          0.018035                  0.685176              0.367978                                         0.024549          26.780709
   ge_20          14          4          0.019668                  0.682986              0.377975                                         0.026636          26.372786
   ge_20          15          4          0.021443                  0.670118              0.372760                                         0.029372          26.334935
   ge_20          16          4          0.020787                  0.638259              0.355475                                         0.029659          26.391139
   ge_20          17          4          0.019677                  0.628134              0.347037                                         0.029152          26.129691
   ge_20          18          4          0.019641                  0.625004              0.343375                                         0.029435          25.888776
   ge_20          19          4          0.019519                  0.614835              0.330376                                         0.030499          28.060518
   ge_20          20          4          0.017160                  0.585471              0.308552                                         0.028515          27.803942
   ge_20          21          4          0.014531                  0.557146              0.288016                                         0.025583          27.830709
   ge_20          22          4          0.013212                  0.521805              0.269492                                         0.024928          28.102635
   ge_20          23          4          0.012941                  0.506563              0.257755                                         0.025581          28.502675
   ge_30           0          4          0.005624                  0.247266              0.123449                                         0.023561          29.391395
   ge_30           1          4          0.004014                  0.234536              0.115857                                         0.018112          28.111210
   ge_30           2          4          0.004952                  0.228993              0.113462                                         0.022212          29.145584
   ge_30           3          4          0.003935                  0.218016              0.107003                                         0.018346          28.414018
   ge_30           4          4          0.003833                  0.218742              0.108200                                         0.016688          27.541969
   ge_30           5          4          0.003373                  0.217075              0.109488                                         0.014626          26.787477
   ge_30           6          4          0.003427                  0.216575              0.106222                                         0.014855          26.992989
   ge_30           7          4          0.002797                  0.219132              0.106430                                         0.011760          25.964578
   ge_30           8          4          0.002104                  0.217990              0.104152                                         0.009143          25.308265
   ge_30           9          4          0.002149                  0.260814              0.119637                                         0.008130          24.957128
   ge_30          10          4          0.003099                  0.328643              0.141889                                         0.010351          26.835487
   ge_30          11          4          0.003998                  0.407740              0.179494                                         0.009486          26.396401
   ge_30          12          4          0.005129                  0.467648              0.219388                                         0.011719          27.254125
   ge_30          13          4          0.006470                  0.482553              0.237299                                         0.012134          26.780709
   ge_30          14          4          0.006725                  0.491423              0.245308                                         0.012064          26.372786
   ge_30          15          4          0.007350                  0.472966              0.242393                                         0.013732          26.334935
   ge_30          16          4          0.007242                  0.428936              0.221511                                         0.014820          26.391139
   ge_30          17          4          0.006368                  0.398188              0.207101                                         0.014647          26.129691
   ge_30          18          4          0.006281                  0.380003              0.197412                                         0.015003          25.888776
   ge_30          19          4          0.007160                  0.358900              0.182290                                         0.020706          28.060518
   ge_30          20          4          0.006083                  0.323503              0.164432                                         0.019878          27.803942
   ge_30          21          4          0.005240                  0.296400              0.151437                                         0.018821          27.830709
   ge_30          22          4          0.004879                  0.274759              0.136941                                         0.018810          28.102635
   ge_30          23          4          0.005081                  0.258023              0.130091                                         0.021633          28.502675
   ge_40           0          4          0.001757                  0.119007              0.051579                                         0.015282          29.391395
   ge_40           1          4          0.001123                  0.106169              0.044863                                         0.011986          28.111210
   ge_40           2          4          0.001546                  0.100277              0.042476                                         0.016131          29.145584
   ge_40           3          4          0.001182                  0.092204              0.037783                                         0.013551          28.414018
   ge_40           4          4          0.001156                  0.097813              0.039042                                         0.010858          27.541969
   ge_40           5          4          0.000907                  0.090748              0.036814                                         0.009078          26.787477
   ge_40           6          4          0.000934                  0.086890              0.034872                                         0.009942          26.992989
   ge_40           7          4          0.000689                  0.088081              0.035997                                         0.007016          25.964578
   ge_40           8          4          0.000427                  0.093918              0.036707                                         0.004168          25.308265
   ge_40           9          4          0.000420                  0.117631              0.045026                                         0.003903          24.957128
   ge_40          10          4          0.000824                  0.172136              0.062067                                         0.006201          26.835487
   ge_40          11          4          0.001123                  0.255227              0.092148                                         0.004218          26.396401
   ge_40          12          4          0.001548                  0.325829              0.124801                                         0.006088          27.254125
   ge_40          13          4          0.001979                  0.350209              0.146114                                         0.004861          26.780709
   ge_40          14          4          0.001955                  0.355345              0.148031                                         0.004582          26.372786
   ge_40          15          4          0.001859                  0.331885              0.139952                                         0.004877          26.334935
   ge_40          16          4          0.001762                  0.281362              0.122961                                         0.005434          26.391139
   ge_40          17          4          0.001301                  0.250555              0.108747                                         0.004957          26.129691
   ge_40          18          4          0.001212                  0.227261              0.099780                                         0.004910          25.888776
   ge_40          19          4          0.001722                  0.203886              0.087127                                         0.010140          28.060518
   ge_40          20          4          0.001471                  0.177543              0.075252                                         0.010355          27.803942
   ge_40          21          4          0.001320                  0.151689              0.064735                                         0.010471          27.830709
   ge_40          22          4          0.001284                  0.132167              0.055655                                         0.011633          28.102635
   ge_40          23          4          0.001453                  0.123235              0.053248                                         0.013762          28.502675
   ge_45           0          4          0.001256                  0.032384              0.013366                                         0.046106          29.391395
   ge_45           1          4          0.000770                  0.031827              0.011608                                         0.029915          28.111210
   ge_45           2          4          0.001137                  0.026094              0.010507                                         0.045324          29.145584
   ge_45           3          4          0.000824                  0.021365              0.009154                                         0.041782          28.414018
   ge_45           4          4          0.000801                  0.022461              0.009203                                         0.032955          27.541969
   ge_45           5          4          0.000623                  0.021694              0.008327                                         0.027590          26.787477
   ge_45           6          4          0.000661                  0.021744              0.008560                                         0.028387          26.992989
   ge_45           7          4          0.000457                  0.016801              0.006461                                         0.022071          25.964578
   ge_45           8          4          0.000242                  0.018046              0.006470                                         0.010568          25.308265
   ge_45           9          4          0.000225                  0.032035              0.010270                                         0.007964          24.957128
   ge_45          10          4          0.000467                  0.068519              0.021283                                         0.010903          26.835487
   ge_45          11          4          0.000574                  0.128877              0.039332                                         0.004510          26.396401
   ge_45          12          4          0.000676                  0.192219              0.063551                                         0.007302          27.254125
   ge_45          13          4          0.000856                  0.221742              0.077578                                         0.003621          26.780709
   ge_45          14          4          0.000761                  0.219166              0.078596                                         0.003132          26.372786
   ge_45          15          4          0.000688                  0.189605              0.066158                                         0.003172          26.334935
   ge_45          16          4          0.000630                  0.152987              0.054643                                         0.003635          26.391139
   ge_45          17          4          0.000357                  0.119415              0.042877                                         0.003479          26.129691
   ge_45          18          4          0.000315                  0.094754              0.033469                                         0.003044          25.888776
   ge_45          19          4          0.000907                  0.075605              0.027927                                         0.016731          28.060518
   ge_45          20          4          0.000786                  0.056807              0.020941                                         0.019804          27.803942
   ge_45          21          4          0.000754                  0.047085              0.017659                                         0.022229          27.830709
   ge_45          22          4          0.000788                  0.038571              0.014482                                         0.030420          28.102635
   ge_45          23          4          0.000960                  0.035751              0.013120                                         0.035418          28.502675
    gt_0           0          4          0.013007                  0.495981              0.249448                                         0.026008          29.391395
    gt_0           1          4          0.010801                  0.484997              0.238653                                         0.022203          28.111210
    gt_0           2          4          0.011576                  0.484333              0.239021                                         0.023514          29.145584
    gt_0           3          4          0.010337                  0.487743              0.236450                                         0.020834          28.414018
    gt_0           4          4          0.010263                  0.495220              0.241565                                         0.019936          27.541969
    gt_0           5          4          0.010062                  0.517596              0.249454                                         0.018910          26.787477
    gt_0           6          4          0.010002                  0.502460              0.245035                                         0.019228          26.992989
    gt_0           7          4          0.009413                  0.500327              0.248701                                         0.017927          25.964578
    gt_0           8          4          0.008456                  0.516564              0.249831                                         0.015897          25.308265
    gt_0           9          4          0.008973                  0.526778              0.262665                                         0.016273          24.957128
    gt_0          10          4          0.010317                  0.582938              0.287897                                         0.017130          26.835487
    gt_0          11          4          0.012617                  0.637785              0.323426                                         0.018762          26.396401
    gt_0          12          4          0.015459                  0.662638              0.353774                                         0.022472          27.254125
    gt_0          13          4          0.018245                  0.687603              0.369515                                         0.024750          26.780709
    gt_0          14          4          0.019903                  0.684235              0.379144                                         0.026912          26.372786
    gt_0          15          4          0.021718                  0.671500              0.374200                                         0.029682          26.334935
    gt_0          16          4          0.021059                  0.640323              0.356568                                         0.029964          26.391139
    gt_0          17          4          0.019957                  0.630318              0.347993                                         0.029460          26.129691
    gt_0          18          4          0.019905                  0.627126              0.344475                                         0.029728          25.888776
    gt_0          19          4          0.019756                  0.617486              0.331790                                         0.030732          28.060518
    gt_0          20          4          0.017381                  0.587361              0.309545                                         0.028783          27.803942
    gt_0          21          4          0.014704                  0.558631              0.289195                                         0.025812          27.830709
    gt_0          22          4          0.013366                  0.523091              0.270167                                         0.025151          28.102635
    gt_0          23          4          0.013081                  0.508346              0.258782                                         0.025762          28.502675

CICLO POR ESTAÇÃO
----------------------------------------------------------------------------------------------------
season_code        season  hour_local event_id  coverage_ratio  timestamp_any_event_rate  pixel_event_rate  mean_event_pixel_fraction_given_event_timestamp
        DJF     DJF_verao           0     gt_0        0.784266                  0.565667          0.014478                                         0.025594
        DJF     DJF_verao           0    ge_30        0.784266                  0.301965          0.005078                                         0.016816
        DJF     DJF_verao           0    ge_40        0.784266                  0.133402          0.001334                                         0.010002
        DJF     DJF_verao           0    ge_45        0.784266                  0.035160          0.000808                                         0.022992
        DJF     DJF_verao           1     gt_0        0.779400                  0.545265          0.011711                                         0.021477
        DJF     DJF_verao           1    ge_30        0.779400                  0.265349          0.003525                                         0.013285
        DJF     DJF_verao           1    ge_40        0.779400                  0.121748          0.000764                                         0.006277
        DJF     DJF_verao           1    ge_45        0.779400                  0.031217          0.000411                                         0.013170
        DJF     DJF_verao           2     gt_0        0.785077                  0.535124          0.012942                                         0.024185
        DJF     DJF_verao           2    ge_30        0.785077                  0.260331          0.004809                                         0.018471
        DJF     DJF_verao           2    ge_40        0.785077                  0.113636          0.001262                                         0.011108
        DJF     DJF_verao           2    ge_45        0.785077                  0.030992          0.000798                                         0.025738
        DJF     DJF_verao           3     gt_0        0.763179                  0.528162          0.012805                                         0.024244
        DJF     DJF_verao           3    ge_30        0.763179                  0.238045          0.004404                                         0.018500
        DJF     DJF_verao           3    ge_40        0.763179                  0.099894          0.001293                                         0.012943
        DJF     DJF_verao           3    ge_45        0.763179                  0.029756          0.000820                                         0.027559
        DJF     DJF_verao           4     gt_0        0.738848                  0.551043          0.013724                                         0.024905
        DJF     DJF_verao           4    ge_30        0.738848                  0.239297          0.005662                                         0.023659
        DJF     DJF_verao           4    ge_40        0.738848                  0.113063          0.001802                                         0.015937
        DJF     DJF_verao           4    ge_45        0.738848                  0.024149          0.001247                                         0.051628
        DJF     DJF_verao           5     gt_0        0.703163                  0.565167          0.013096                                         0.023173
        DJF     DJF_verao           5    ge_30        0.703163                  0.253749          0.004573                                         0.018023
        DJF     DJF_verao           5    ge_40        0.703163                  0.104960          0.001287                                         0.012258
        DJF     DJF_verao           5    ge_45        0.703163                  0.031142          0.000869                                         0.027916
        DJF     DJF_verao           6     gt_0        0.672344                  0.553679          0.013026                                         0.023526
        DJF     DJF_verao           6    ge_30        0.672344                  0.273824          0.004594                                         0.016778
        DJF     DJF_verao           6    ge_40        0.672344                  0.096502          0.001283                                         0.013295
        DJF     DJF_verao           6    ge_45        0.672344                  0.027744          0.000912                                         0.032885
        DJF     DJF_verao           7     gt_0        0.649635                  0.560549          0.013651                                         0.024352
        DJF     DJF_verao           7    ge_30        0.649635                  0.265918          0.004537                                         0.017062
        DJF     DJF_verao           7    ge_40        0.649635                  0.107366          0.001336                                         0.012441
        DJF     DJF_verao           7    ge_45        0.649635                  0.024969          0.000939                                         0.037598
        DJF     DJF_verao           8     gt_0        0.646391                  0.553325          0.011753                                         0.021240
        DJF     DJF_verao           8    ge_30        0.646391                  0.260979          0.003050                                         0.011686
        DJF     DJF_verao           8    ge_40        0.646391                  0.111669          0.000741                                         0.006638
        DJF     DJF_verao           8    ge_45        0.646391                  0.022585          0.000480                                         0.021267
        DJF     DJF_verao           9     gt_0        0.626926                  0.623545          0.012703                                         0.020372
        DJF     DJF_verao           9    ge_30        0.626926                  0.360931          0.002352                                         0.006516
        DJF     DJF_verao           9    ge_40        0.626926                  0.179819          0.000250                                         0.001388
        DJF     DJF_verao           9    ge_45        0.626926                  0.055627          0.000031                                         0.000562
        DJF     DJF_verao          10     gt_0        0.633414                  0.724712          0.015359                                         0.021194
        DJF     DJF_verao          10    ge_30        0.633414                  0.519846          0.004281                                         0.008234
        DJF     DJF_verao          10    ge_40        0.633414                  0.295775          0.001095                                         0.003701
        DJF     DJF_verao          10    ge_45        0.633414                  0.134443          0.000554                                         0.004121
        DJF     DJF_verao          11     gt_0        0.640714                  0.811392          0.019907                                         0.024535
        DJF     DJF_verao          11    ge_30        0.640714                  0.668354          0.005944                                         0.008894
        DJF     DJF_verao          11    ge_40        0.640714                  0.462025          0.001647                                         0.003564
        DJF     DJF_verao          11    ge_45        0.640714                  0.254430          0.000676                                         0.002656
        DJF     DJF_verao          12     gt_0        0.676399                  0.848921          0.023758                                         0.027986
        DJF     DJF_verao          12    ge_30        0.676399                  0.742206          0.007107                                         0.009576
        DJF     DJF_verao          12    ge_40        0.676399                  0.607914          0.002046                                         0.003366
        DJF     DJF_verao          12    ge_45        0.676399                  0.408873          0.000479                                         0.001171
        DJF     DJF_verao          13     gt_0        0.686131                  0.886525          0.032189                                         0.036309
        DJF     DJF_verao          13    ge_30        0.686131                  0.796690          0.012267                                         0.015397
        DJF     DJF_verao          13    ge_40        0.686131                  0.657210          0.004070                                         0.006193
        DJF     DJF_verao          13    ge_45        0.686131                  0.488180          0.001618                                         0.003314
        DJF     DJF_verao          14     gt_0        0.695864                  0.893939          0.035872                                         0.040128
        DJF     DJF_verao          14    ge_30        0.695864                  0.803030          0.012796                                         0.015935
        DJF     DJF_verao          14    ge_40        0.695864                  0.663170          0.004047                                         0.006102
        DJF     DJF_verao          14    ge_45        0.695864                  0.474359          0.001297                                         0.002735
        DJF     DJF_verao          15     gt_0        0.735604                  0.891951          0.041927                                         0.047006
        DJF     DJF_verao          15    ge_30        0.735604                  0.800441          0.015320                                         0.019139
        DJF     DJF_verao          15    ge_40        0.735604                  0.639471          0.004265                                         0.006669
        DJF     DJF_verao          15    ge_45        0.735604                  0.407938          0.001544                                         0.003786
        DJF     DJF_verao          16     gt_0        0.746959                  0.855592          0.041416                                         0.048406
        DJF     DJF_verao          16    ge_30        0.746959                  0.715527          0.015336                                         0.021433
        DJF     DJF_verao          16    ge_40        0.746959                  0.539631          0.004027                                         0.007462
        DJF     DJF_verao          16    ge_45        0.746959                  0.340934          0.001384                                         0.004061
        DJF     DJF_verao          17     gt_0        0.763179                  0.807651          0.036809                                         0.045575
        DJF     DJF_verao          17    ge_30        0.763179                  0.615303          0.011854                                         0.019265
        DJF     DJF_verao          17    ge_40        0.763179                  0.449522          0.002235                                         0.004971
        DJF     DJF_verao          17    ge_45        0.763179                  0.253985          0.000354                                         0.001392
        DJF     DJF_verao          18     gt_0        0.778589                  0.776042          0.036617                                         0.047184
        DJF     DJF_verao          18    ge_30        0.778589                  0.569792          0.012321                                         0.021624
        DJF     DJF_verao          18    ge_40        0.778589                  0.393750          0.002439                                         0.006194
        DJF     DJF_verao          18    ge_45        0.778589                  0.183333          0.000629                                         0.003429
        DJF     DJF_verao          19     gt_0        0.792376                  0.742068          0.033704                                         0.045419
        DJF     DJF_verao          19    ge_30        0.792376                  0.525077          0.010887                                         0.020735
        DJF     DJF_verao          19    ge_40        0.792376                  0.331627          0.001904                                         0.005740
        DJF     DJF_verao          19    ge_45        0.792376                  0.125896          0.000538                                         0.004276
        DJF     DJF_verao          20     gt_0        0.779400                  0.707596          0.027260                                         0.038525
        DJF     DJF_verao          20    ge_30        0.779400                  0.465140          0.007945                                         0.017081
        DJF     DJF_verao          20    ge_40        0.779400                  0.287201          0.001152                                         0.004011
        DJF     DJF_verao          20    ge_45        0.779400                  0.095734          0.000128                                         0.001342
        DJF     DJF_verao          21     gt_0        0.799676                  0.656187          0.021409                                         0.032626
        DJF     DJF_verao          21    ge_30        0.799676                  0.402637          0.006592                                         0.016373
        DJF     DJF_verao          21    ge_40        0.799676                  0.215010          0.001277                                         0.005942
        DJF     DJF_verao          21    ge_45        0.799676                  0.075051          0.000477                                         0.006360
        DJF     DJF_verao          22     gt_0        0.786872                  0.622039          0.018133                                         0.029151
        DJF     DJF_verao          22    ge_30        0.786872                  0.371782          0.005423                                         0.014588
        DJF     DJF_verao          22    ge_40        0.786872                  0.182286          0.001014                                         0.005563
        DJF     DJF_verao          22    ge_45        0.786872                  0.047374          0.000429                                         0.009047
        DJF     DJF_verao          23     gt_0        0.789220                  0.577982          0.015491                                         0.026802
        DJF     DJF_verao          23    ge_30        0.789220                  0.322120          0.004609                                         0.014308
        DJF     DJF_verao          23    ge_40        0.789220                  0.153925          0.000963                                         0.006257
        DJF     DJF_verao          23    ge_45        0.789220                  0.048930          0.000418                                         0.008545
        JJA   JJA_inverno           0     gt_0        0.591615                  0.401575          0.009670                                         0.024081
        JJA   JJA_inverno           0    ge_30        0.591615                  0.171916          0.005103                                         0.029683
        JJA   JJA_inverno           0    ge_40        0.591615                  0.087927          0.001867                                         0.021234
        JJA   JJA_inverno           0    ge_45        0.591615                  0.015748          0.001512                                         0.096002
        JJA   JJA_inverno           1     gt_0        0.595497                  0.408083          0.009187                                         0.022511
        JJA   JJA_inverno           1    ge_30        0.595497                  0.174707          0.004953                                         0.028350
        JJA   JJA_inverno           1    ge_40        0.595497                  0.074316          0.001839                                         0.024751
        JJA   JJA_inverno           1    ge_45        0.595497                  0.019557          0.001500                                         0.076682
        JJA   JJA_inverno           2     gt_0        0.607919                  0.404853          0.009004                                         0.022240
        JJA   JJA_inverno           2    ge_30        0.607919                  0.166028          0.004932                                         0.029703
        JJA   JJA_inverno           2    ge_40        0.607919                  0.075351          0.001810                                         0.024025
        JJA   JJA_inverno           2    ge_45        0.607919                  0.017880          0.001473                                         0.082392
        JJA   JJA_inverno           3     gt_0        0.600932                  0.427649          0.007401                                         0.017306
        JJA   JJA_inverno           3    ge_30        0.600932                  0.171835          0.003687                                         0.021458
        JJA   JJA_inverno           3    ge_40        0.600932                  0.080103          0.001291                                         0.016117
        JJA   JJA_inverno           3    ge_45        0.600932                  0.014212          0.000966                                         0.067945
        JJA   JJA_inverno           4     gt_0        0.634317                  0.400245          0.004427                                         0.011061
        JJA   JJA_inverno           4    ge_30        0.634317                  0.172583          0.000903                                         0.005233
        JJA   JJA_inverno           4    ge_40        0.634317                  0.067319          0.000098                                         0.001453
        JJA   JJA_inverno           4    ge_45        0.634317                  0.017136          0.000012                                         0.000686
        JJA   JJA_inverno           5     gt_0        0.565994                  0.447188          0.004394                                         0.009827
        JJA   JJA_inverno           5    ge_30        0.565994                  0.156379          0.000766                                         0.004898
        JJA   JJA_inverno           5    ge_40        0.565994                  0.057613          0.000087                                         0.001506
        JJA   JJA_inverno           5    ge_45        0.565994                  0.015089          0.000014                                         0.000895
        JJA   JJA_inverno           6     gt_0        0.530280                  0.414348          0.004272                                         0.010309
        JJA   JJA_inverno           6    ge_30        0.530280                  0.146413          0.000791                                         0.005403
        JJA   JJA_inverno           6    ge_40        0.530280                  0.061493          0.000102                                         0.001661
        JJA   JJA_inverno           6    ge_45        0.530280                  0.016105          0.000007                                         0.000414
        JJA   JJA_inverno           7     gt_0        0.529503                  0.407625          0.003153                                         0.007734
        JJA   JJA_inverno           7    ge_30        0.529503                  0.142229          0.000473                                         0.003325
        JJA   JJA_inverno           7    ge_40        0.529503                  0.060117          0.000045                                         0.000754
        JJA   JJA_inverno           7    ge_45        0.529503                  0.005865          0.000002                                         0.000366
        JJA   JJA_inverno           8     gt_0        0.509317                  0.443598          0.003476                                         0.007835
        JJA   JJA_inverno           8    ge_30        0.509317                  0.155488          0.000662                                         0.004255
        JJA   JJA_inverno           8    ge_40        0.509317                  0.060976          0.000101                                         0.001654
        JJA   JJA_inverno           8    ge_45        0.509317                  0.004573          0.000014                                         0.003147
        JJA   JJA_inverno           9     gt_0        0.553571                  0.392707          0.003487                                         0.008879
        JJA   JJA_inverno           9    ge_30        0.553571                  0.140252          0.000643                                         0.004585
        JJA   JJA_inverno           9    ge_40        0.553571                  0.046283          0.000136                                         0.002940
        JJA   JJA_inverno           9    ge_45        0.553571                  0.008415          0.000016                                         0.001872
        JJA   JJA_inverno          10     gt_0        0.621894                  0.416979          0.005284                                         0.012671
        JJA   JJA_inverno          10    ge_30        0.621894                  0.141074          0.002072                                         0.014687
        JJA   JJA_inverno          10    ge_40        0.621894                  0.056180          0.000681                                         0.012122
        JJA   JJA_inverno          10    ge_45        0.621894                  0.016230          0.000390                                         0.024045
        JJA   JJA_inverno          11     gt_0        0.517081                  0.445946          0.004780                                         0.010718
        JJA   JJA_inverno          11    ge_30        0.517081                  0.165165          0.000936                                         0.005667
        JJA   JJA_inverno          11    ge_40        0.517081                  0.055556          0.000118                                         0.002120
        JJA   JJA_inverno          11    ge_45        0.517081                  0.021021          0.000016                                         0.000744
        JJA   JJA_inverno          12     gt_0        0.493789                  0.451258          0.007504                                         0.016628
        JJA   JJA_inverno          12    ge_30        0.493789                  0.199686          0.002905                                         0.014550
        JJA   JJA_inverno          12    ge_40        0.493789                  0.091195          0.000921                                         0.010097
        JJA   JJA_inverno          12    ge_45        0.493789                  0.031447          0.000503                                         0.015991
        JJA   JJA_inverno          13     gt_0        0.506211                  0.467791          0.006063                                         0.012960
        JJA   JJA_inverno          13    ge_30        0.506211                  0.188650          0.001325                                         0.007024
        JJA   JJA_inverno          13    ge_40        0.506211                  0.078221          0.000163                                         0.002078
        JJA   JJA_inverno          13    ge_45        0.506211                  0.024540          0.000017                                         0.000707
        JJA   JJA_inverno          14     gt_0        0.519410                  0.448430          0.006020                                         0.013424
        JJA   JJA_inverno          14    ge_30        0.519410                  0.191330          0.001070                                         0.005594
        JJA   JJA_inverno          14    ge_40        0.519410                  0.086697          0.000131                                         0.001511
        JJA   JJA_inverno          14    ge_45        0.519410                  0.029895          0.000022                                         0.000732
        JJA   JJA_inverno          15     gt_0        0.540373                  0.442529          0.006756                                         0.015266
        JJA   JJA_inverno          15    ge_30        0.540373                  0.182471          0.001450                                         0.007945
        JJA   JJA_inverno          15    ge_40        0.540373                  0.071839          0.000236                                         0.003288
        JJA   JJA_inverno          15    ge_45        0.540373                  0.030172          0.000049                                         0.001628
        JJA   JJA_inverno          16     gt_0        0.588509                  0.414248          0.006037                                         0.014573
        JJA   JJA_inverno          16    ge_30        0.588509                  0.175462          0.001436                                         0.008183
        JJA   JJA_inverno          16    ge_40        0.588509                  0.081794          0.000266                                         0.003247
        JJA   JJA_inverno          16    ge_45        0.588509                  0.035620          0.000039                                         0.001088
        JJA   JJA_inverno          17     gt_0        0.563665                  0.439394          0.006834                                         0.015553
        JJA   JJA_inverno          17    ge_30        0.563665                  0.194215          0.001688                                         0.008693
        JJA   JJA_inverno          17    ge_40        0.563665                  0.100551          0.000293                                         0.002911
        JJA   JJA_inverno          17    ge_45        0.563665                  0.044077          0.000046                                         0.001048
        JJA   JJA_inverno          18     gt_0        0.593168                  0.458115          0.007175                                         0.015661
        JJA   JJA_inverno          18    ge_30        0.593168                  0.204188          0.001719                                         0.008417
        JJA   JJA_inverno          18    ge_40        0.593168                  0.100785          0.000290                                         0.002879
        JJA   JJA_inverno          18    ge_45        0.593168                  0.034031          0.000051                                         0.001487
        JJA   JJA_inverno          19     gt_0        0.607143                  0.492327          0.010266                                         0.020852
        JJA   JJA_inverno          19    ge_30        0.607143                  0.195652          0.005336                                         0.027275
        JJA   JJA_inverno          19    ge_40        0.607143                  0.103581          0.001951                                         0.018837
        JJA   JJA_inverno          19    ge_45        0.607143                  0.037084          0.001455                                         0.039222
        JJA   JJA_inverno          20     gt_0        0.603261                  0.468468          0.010769                                         0.022988
        JJA   JJA_inverno          20    ge_30        0.603261                  0.195624          0.005399                                         0.027600
        JJA   JJA_inverno          20    ge_40        0.603261                  0.095238          0.001913                                         0.020091
        JJA   JJA_inverno          20    ge_45        0.603261                  0.030888          0.001434                                         0.046438
        JJA   JJA_inverno          21     gt_0        0.637422                  0.444580          0.009693                                         0.021803
        JJA   JJA_inverno          21    ge_30        0.637422                  0.181486          0.004961                                         0.027334
        JJA   JJA_inverno          21    ge_40        0.637422                  0.087698          0.001786                                         0.020362
        JJA   JJA_inverno          21    ge_45        0.637422                  0.024361          0.001362                                         0.055912
        JJA   JJA_inverno          22     gt_0        0.716615                  0.409534          0.008830                                         0.021560
        JJA   JJA_inverno          22    ge_30        0.716615                  0.170098          0.004393                                         0.025827
        JJA   JJA_inverno          22    ge_40        0.716615                  0.070423          0.001561                                         0.022162
        JJA   JJA_inverno          22    ge_45        0.716615                  0.015168          0.001208                                         0.079613
        JJA   JJA_inverno          23     gt_0        0.616460                  0.415617          0.011301                                         0.027192
        JJA   JJA_inverno          23    ge_30        0.616460                  0.168766          0.006318                                         0.037434
        JJA   JJA_inverno          23    ge_40        0.616460                  0.080605          0.002371                                         0.029418
        JJA   JJA_inverno          23    ge_45        0.616460                  0.021411          0.001904                                         0.088944
        MAM    MAM_outono           0     gt_0        0.805901                  0.467245          0.011291                                         0.024166
        MAM    MAM_outono           0    ge_30        0.805901                  0.256262          0.004677                                         0.018252
        MAM    MAM_outono           0    ge_40        0.805901                  0.125241          0.001236                                         0.009872
        MAM    MAM_outono           0    ge_45        0.805901                  0.032755          0.000746                                         0.022782
        MAM    MAM_outono           1     gt_0        0.803571                  0.455072          0.009051                                         0.019890
        MAM    MAM_outono           1    ge_30        0.803571                  0.261836          0.003053                                         0.011661
        MAM    MAM_outono           1    ge_40        0.803571                  0.122705          0.000706                                         0.005754
        MAM    MAM_outono           1    ge_45        0.803571                  0.034783          0.000381                                         0.010948
        MAM    MAM_outono           2     gt_0        0.802019                  0.452081          0.007831                                         0.017323
        MAM    MAM_outono           2    ge_30        0.802019                  0.239109          0.002558                                         0.010697
        MAM    MAM_outono           2    ge_40        0.802019                  0.106486          0.000627                                         0.005887
        MAM    MAM_outono           2    ge_45        0.802019                  0.021297          0.000372                                         0.017456
        MAM    MAM_outono           3     gt_0        0.775621                  0.463463          0.007293                                         0.015736
        MAM    MAM_outono           3    ge_30        0.775621                  0.237237          0.002544                                         0.010724
        MAM    MAM_outono           3    ge_40        0.775621                  0.111111          0.000634                                         0.005702
        MAM    MAM_outono           3    ge_45        0.775621                  0.020020          0.000387                                         0.019352
        MAM    MAM_outono           4     gt_0        0.745342                  0.470833          0.008365                                         0.017766
        MAM    MAM_outono           4    ge_30        0.745342                  0.231250          0.003465                                         0.014982
        MAM    MAM_outono           4    ge_40        0.745342                  0.109375          0.001109                                         0.010144
        MAM    MAM_outono           4    ge_45        0.745342                  0.022917          0.000789                                         0.034428
        MAM    MAM_outono           5     gt_0        0.734472                  0.465116          0.009189                                         0.019757
        MAM    MAM_outono           5    ge_30        0.734472                  0.229387          0.003733                                         0.016272
        MAM    MAM_outono           5    ge_40        0.734472                  0.094080          0.001093                                         0.011618
        MAM    MAM_outono           5    ge_45        0.734472                  0.016913          0.000799                                         0.047231
        MAM    MAM_outono           6     gt_0        0.682453                  0.480091          0.008756                                         0.018239
        MAM    MAM_outono           6    ge_30        0.682453                  0.218430          0.003645                                         0.016689
        MAM    MAM_outono           6    ge_40        0.682453                  0.096701          0.001150                                         0.011890
        MAM    MAM_outono           6    ge_45        0.682453                  0.020478          0.000860                                         0.042010
        MAM    MAM_outono           7     gt_0        0.653727                  0.469121          0.007402                                         0.015779
        MAM    MAM_outono           7    ge_30        0.653727                  0.243468          0.002419                                         0.009938
        MAM    MAM_outono           7    ge_40        0.653727                  0.090261          0.000658                                         0.007285
        MAM    MAM_outono           7    ge_45        0.653727                  0.021378          0.000450                                         0.021055
        MAM    MAM_outono           8     gt_0        0.641304                  0.507264          0.007436                                         0.014659
        MAM    MAM_outono           8    ge_30        0.641304                  0.233656          0.002517                                         0.010771
        MAM    MAM_outono           8    ge_40        0.641304                  0.105327          0.000665                                         0.006310
        MAM    MAM_outono           8    ge_45        0.641304                  0.026634          0.000463                                         0.017401
        MAM    MAM_outono           9     gt_0        0.639752                  0.526699          0.007302                                         0.013863
        MAM    MAM_outono           9    ge_30        0.639752                  0.290049          0.001561                                         0.005383
        MAM    MAM_outono           9    ge_40        0.639752                  0.132282          0.000185                                         0.001400
        MAM    MAM_outono           9    ge_45        0.639752                  0.035194          0.000022                                         0.000612
        MAM    MAM_outono          10     gt_0        0.637422                  0.593179          0.009298                                         0.015675
        MAM    MAM_outono          10    ge_30        0.637422                  0.337393          0.003154                                         0.009348
        MAM    MAM_outono          10    ge_40        0.637422                  0.185140          0.000880                                         0.004752
        MAM    MAM_outono          10    ge_45        0.637422                  0.075518          0.000506                                         0.006694
        MAM    MAM_outono          11     gt_0        0.643634                  0.634499          0.011670                                         0.018392
        MAM    MAM_outono          11    ge_30        0.643634                  0.445115          0.004187                                         0.009407
        MAM    MAM_outono          11    ge_40        0.643634                  0.285887          0.001226                                         0.004287
        MAM    MAM_outono          11    ge_45        0.643634                  0.143546          0.000590                                         0.004111
        MAM    MAM_outono          12     gt_0        0.640528                  0.672727          0.014402                                         0.021408
        MAM    MAM_outono          12    ge_30        0.640528                  0.495758          0.005147                                         0.010381
        MAM    MAM_outono          12    ge_40        0.640528                  0.343030          0.001597                                         0.004655
        MAM    MAM_outono          12    ge_45        0.640528                  0.210909          0.000689                                         0.003268
        MAM    MAM_outono          13     gt_0        0.656056                  0.692308          0.016359                                         0.023630
        MAM    MAM_outono          13    ge_30        0.656056                  0.499408          0.006070                                         0.012154
        MAM    MAM_outono          13    ge_40        0.656056                  0.368047          0.001883                                         0.005115
        MAM    MAM_outono          13    ge_45        0.656056                  0.229586          0.000743                                         0.003238
        MAM    MAM_outono          14     gt_0        0.659161                  0.698469          0.019047                                         0.027270
        MAM    MAM_outono          14    ge_30        0.659161                  0.521790          0.007339                                         0.014065
        MAM    MAM_outono          14    ge_40        0.659161                  0.372203          0.002216                                         0.005955
        MAM    MAM_outono          14    ge_45        0.659161                  0.206125          0.001128                                         0.005473
        MAM    MAM_outono          15     gt_0        0.702640                  0.664088          0.017671                                         0.026609
        MAM    MAM_outono          15    ge_30        0.702640                  0.475138          0.006322                                         0.013305
        MAM    MAM_outono          15    ge_40        0.702640                  0.334807          0.001550                                         0.004629
        MAM    MAM_outono          15    ge_45        0.702640                  0.173481          0.000590                                         0.003400
        MAM    MAM_outono          16     gt_0        0.730590                  0.628055          0.016853                                         0.026833
        MAM    MAM_outono          16    ge_30        0.730590                  0.429330          0.005878                                         0.013690
        MAM    MAM_outono          16    ge_40        0.730590                  0.274176          0.001378                                         0.005026
        MAM    MAM_outono          16    ge_45        0.730590                  0.126461          0.000545                                         0.004313
        MAM    MAM_outono          17     gt_0        0.753882                  0.626159          0.016235                                         0.025927
        MAM    MAM_outono          17    ge_30        0.753882                  0.410917          0.005594                                         0.013613
        MAM    MAM_outono          17    ge_40        0.753882                  0.246138          0.001310                                         0.005324
        MAM    MAM_outono          17    ge_45        0.753882                  0.092688          0.000508                                         0.005476
        MAM    MAM_outono          18     gt_0        0.770963                  0.620342          0.015497                                         0.024981
        MAM    MAM_outono          18    ge_30        0.770963                  0.387714          0.004563                                         0.011769
        MAM    MAM_outono          18    ge_40        0.770963                  0.224572          0.000722                                         0.003216
        MAM    MAM_outono          18    ge_45        0.770963                  0.081571          0.000084                                         0.001027
        MAM    MAM_outono          19     gt_0        0.789596                  0.598820          0.016105                                         0.026895
        MAM    MAM_outono          19    ge_30        0.789596                  0.367748          0.005885                                         0.016002
        MAM    MAM_outono          19    ge_40        0.789596                  0.195674          0.001472                                         0.007523
        MAM    MAM_outono          19    ge_45        0.789596                  0.069813          0.000804                                         0.011511
        MAM    MAM_outono          20     gt_0        0.807453                  0.571154          0.014614                                         0.025587
        MAM    MAM_outono          20    ge_30        0.807453                  0.333654          0.005415                                         0.016231
        MAM    MAM_outono          20    ge_40        0.807453                  0.176923          0.001389                                         0.007851
        MAM    MAM_outono          20    ge_45        0.807453                  0.050000          0.000774                                         0.015486
        MAM    MAM_outono          21     gt_0        0.808230                  0.543708          0.012804                                         0.023550
        MAM    MAM_outono          21    ge_30        0.808230                  0.319885          0.004299                                         0.013438
        MAM    MAM_outono          21    ge_40        0.808230                  0.178674          0.000886                                         0.004958
        MAM    MAM_outono          21    ge_45        0.808230                  0.045149          0.000397                                         0.008793
        MAM    MAM_outono          22     gt_0        0.809783                  0.500479          0.012169                                         0.024315
        MAM    MAM_outono          22    ge_30        0.809783                  0.282838          0.004838                                         0.017106
        MAM    MAM_outono          22    ge_40        0.809783                  0.154362          0.001283                                         0.008313
        MAM    MAM_outono          22    ge_45        0.809783                  0.046021          0.000754                                         0.016381
        MAM    MAM_outono          23     gt_0        0.817547                  0.486230          0.011705                                         0.024072
        MAM    MAM_outono          23    ge_30        0.817547                  0.283951          0.004771                                         0.016801
        MAM    MAM_outono          23    ge_40        0.817547                  0.145299          0.001297                                         0.008925
        MAM    MAM_outono          23    ge_45        0.817547                  0.044634          0.000751                                         0.016815
        SON SON_primavera           0     gt_0        0.774882                  0.549439          0.016589                                         0.030192
        SON SON_primavera           0    ge_30        0.774882                  0.258919          0.007636                                         0.029493
        SON SON_primavera           0    ge_40        0.774882                  0.129460          0.002592                                         0.020019
        SON SON_primavera           0    ge_45        0.774882                  0.045872          0.001956                                         0.042650
        SON SON_primavera           1     gt_0        0.770801                  0.531568          0.013254                                         0.024934
        SON SON_primavera           1    ge_30        0.770801                  0.236253          0.004525                                         0.019152
        SON SON_primavera           1    ge_40        0.770801                  0.105906          0.001182                                         0.011162
        SON SON_primavera           1    ge_45        0.770801                  0.041752          0.000787                                         0.018858
        SON SON_primavera           2     gt_0        0.780220                  0.545272          0.016527                                         0.030310
        SON SON_primavera           2    ge_30        0.780220                  0.250503          0.007509                                         0.029977
        SON SON_primavera           2    ge_40        0.780220                  0.105634          0.002483                                         0.023502
        SON SON_primavera           2    ge_45        0.780220                  0.034205          0.001906                                         0.055712
        SON SON_primavera           3     gt_0        0.767661                  0.531697          0.013851                                         0.026051
        SON SON_primavera           3    ge_30        0.767661                  0.224949          0.005106                                         0.022700
        SON SON_primavera           3    ge_40        0.767661                  0.077710          0.001511                                         0.019443
        SON SON_primavera           3    ge_45        0.767661                  0.021472          0.001122                                         0.052273
        SON SON_primavera           4     gt_0        0.734694                  0.558761          0.014534                                         0.026012
        SON SON_primavera           4    ge_30        0.734694                  0.231838          0.005304                                         0.022877
        SON SON_primavera           4    ge_40        0.734694                  0.101496          0.001614                                         0.015897
        SON SON_primavera           4    ge_45        0.734694                  0.025641          0.001156                                         0.045078
        SON SON_primavera           5     gt_0        0.730769                  0.592911          0.013567                                         0.022883
        SON SON_primavera           5    ge_30        0.730769                  0.228786          0.004419                                         0.019313
        SON SON_primavera           5    ge_40        0.730769                  0.106337          0.001162                                         0.010929
        SON SON_primavera           5    ge_45        0.730769                  0.023631          0.000811                                         0.034317
        SON SON_primavera           6     gt_0        0.693093                  0.561721          0.013952                                         0.024838
        SON SON_primavera           6    ge_30        0.693093                  0.227633          0.004678                                         0.020552
        SON SON_primavera           6    ge_40        0.693093                  0.092865          0.001200                                         0.012923
        SON SON_primavera           6    ge_45        0.693093                  0.022650          0.000866                                         0.038241
        SON SON_primavera           7     gt_0        0.680534                  0.564014          0.013447                                         0.023842
        SON SON_primavera           7    ge_30        0.680534                  0.224913          0.003759                                         0.016714
        SON SON_primavera           7    ge_40        0.680534                  0.094579          0.000717                                         0.007585
        SON SON_primavera           7    ge_45        0.680534                  0.014994          0.000439                                         0.029266
        SON SON_primavera           8     gt_0        0.682889                  0.562069          0.011159                                         0.019853
        SON SON_primavera           8    ge_30        0.682889                  0.221839          0.002188                                         0.009861
        SON SON_primavera           8    ge_40        0.682889                  0.097701          0.000202                                         0.002071
        SON SON_primavera           8    ge_45        0.682889                  0.018391          0.000008                                         0.000458
        SON SON_primavera           9     gt_0        0.678964                  0.564162          0.012400                                         0.021979
        SON SON_primavera           9    ge_30        0.678964                  0.252023          0.004041                                         0.016035
        SON SON_primavera           9    ge_40        0.678964                  0.112139          0.001109                                         0.009886
        SON SON_primavera           9    ge_45        0.678964                  0.028902          0.000833                                         0.028809
        SON SON_primavera          10     gt_0        0.704867                  0.596882          0.011329                                         0.018980
        SON SON_primavera          10    ge_30        0.704867                  0.316258          0.002889                                         0.009135
        SON SON_primavera          10    ge_40        0.704867                  0.151448          0.000641                                         0.004231
        SON SON_primavera          10    ge_45        0.704867                  0.047884          0.000419                                         0.008753
        SON SON_primavera          11     gt_0        0.675039                  0.659302          0.014110                                         0.021402
        SON SON_primavera          11    ge_30        0.675039                  0.352326          0.004924                                         0.013975
        SON SON_primavera          11    ge_40        0.675039                  0.217442          0.001501                                         0.006902
        SON SON_primavera          11    ge_45        0.675039                  0.096512          0.001016                                         0.010528
        SON SON_primavera          12     gt_0        0.667190                  0.677647          0.016172                                         0.023864
        SON SON_primavera          12    ge_30        0.667190                  0.432941          0.005356                                         0.012371
        SON SON_primavera          12    ge_40        0.667190                  0.261176          0.001629                                         0.006235
        SON SON_primavera          12    ge_45        0.667190                  0.117647          0.001032                                         0.008775
        SON SON_primavera          13     gt_0        0.683673                  0.703789          0.018369                                         0.026101
        SON SON_primavera          13    ge_30        0.683673                  0.445465          0.006219                                         0.013960
        SON SON_primavera          13    ge_40        0.683673                  0.297359          0.001802                                         0.006060
        SON SON_primavera          13    ge_45        0.683673                  0.144661          0.001045                                         0.007225
        SON SON_primavera          14     gt_0        0.684458                  0.696101          0.018674                                         0.026826
        SON SON_primavera          14    ge_30        0.684458                  0.449541          0.005692                                         0.012663
        SON SON_primavera          14    ge_40        0.684458                  0.299312          0.001424                                         0.004759
        SON SON_primavera          14    ge_45        0.684458                  0.166284          0.000597                                         0.003587
        SON SON_primavera          15     gt_0        0.705651                  0.687430          0.020519                                         0.029848
        SON SON_primavera          15    ge_30        0.705651                  0.433815          0.006308                                         0.014541
        SON SON_primavera          15    ge_40        0.705651                  0.281424          0.001385                                         0.004922
        SON SON_primavera          15    ge_45        0.705651                  0.146830          0.000569                                         0.003873
        SON SON_primavera          16     gt_0        0.720565                  0.663399          0.019930                                         0.030043
        SON SON_primavera          16    ge_30        0.720565                  0.395425          0.006317                                         0.015975
        SON SON_primavera          16    ge_40        0.720565                  0.229847          0.001379                                         0.005999
        SON SON_primavera          16    ge_45        0.720565                  0.108932          0.000553                                         0.005080
        SON SON_primavera          17     gt_0        0.731554                  0.648069          0.019950                                         0.030784
        SON SON_primavera          17    ge_30        0.731554                  0.372318          0.006336                                         0.017017
        SON SON_primavera          17    ge_40        0.731554                  0.206009          0.001365                                         0.006624
        SON SON_primavera          17    ge_45        0.731554                  0.086910          0.000521                                         0.005999
        SON SON_primavera          18     gt_0        0.764521                  0.654004          0.020331                                         0.031087
        SON SON_primavera          18    ge_30        0.764521                  0.358316          0.006522                                         0.018201
        SON SON_primavera          18    ge_40        0.764521                  0.189938          0.001396                                         0.007351
        SON SON_primavera          18    ge_45        0.764521                  0.080082          0.000499                                         0.006232
        SON SON_primavera          19     gt_0        0.777865                  0.636731          0.018950                                         0.029762
        SON SON_primavera          19    ge_30        0.777865                  0.347124          0.006530                                         0.018811
        SON SON_primavera          19    ge_40        0.777865                  0.184662          0.001562                                         0.008460
        SON SON_primavera          19    ge_45        0.777865                  0.069627          0.000829                                         0.011913
        SON SON_primavera          20     gt_0        0.775510                  0.602227          0.016881                                         0.028031
        SON SON_primavera          20    ge_30        0.775510                  0.299595          0.005573                                         0.018601
        SON SON_primavera          20    ge_40        0.775510                  0.150810          0.001428                                         0.009466
        SON SON_primavera          20    ge_45        0.775510                  0.050607          0.000807                                         0.015952
        SON SON_primavera          21     gt_0        0.788854                  0.590050          0.014911                                         0.025270
        SON SON_primavera          21    ge_30        0.788854                  0.281592          0.005108                                         0.018139
        SON SON_primavera          21    ge_40        0.788854                  0.125373          0.001332                                         0.010621
        SON SON_primavera          21    ge_45        0.788854                  0.043781          0.000782                                         0.017852
        SON SON_primavera          22     gt_0        0.806907                  0.560311          0.014332                                         0.025578
        SON SON_primavera          22    ge_30        0.806907                  0.274319          0.004860                                         0.017718
        SON SON_primavera          22    ge_40        0.806907                  0.121595          0.001276                                         0.010495
        SON SON_primavera          22    ge_45        0.806907                  0.045720          0.000761                                         0.016638
        SON SON_primavera          23     gt_0        0.784144                  0.553554          0.013828                                         0.024980
        SON SON_primavera          23    ge_30        0.784144                  0.257257          0.004628                                         0.017990
        SON SON_primavera          23    ge_40        0.784144                  0.113113          0.001182                                         0.010451
        SON SON_primavera          23    ge_45        0.784144                  0.028028          0.000767                                         0.027367

PREDITORES-CHAVE - HORA LOCAL
----------------------------------------------------------------------------------------------------
 hour_local           predictor       mean       std        p10     median        p90
          0                tcwv  36.297173 11.026025  21.638272  36.122635  51.194664
          0               t_850 288.723119  3.471562 283.914595 289.048745 292.926131
          0               r_850  74.039331 16.579229  51.476269  75.859699  94.654149
          0               t_500 265.612964  2.162736 262.643018 265.871945 268.112211
          0               r_500  33.792009 30.966276   3.972217  20.738815  86.097200
          0               v_500  -0.435948  5.689757  -7.560505  -0.452218   6.610224
          0       wind_speed_10   2.740550  1.215670   1.207285   2.655946   4.398518
          0     delta_t_500_850 -23.110155  2.892763 -26.680741 -23.285034 -19.189898
          0 delta_t_850_surface  -6.436637  2.049924  -8.906605  -6.585788  -3.806282
          0     delta_r_500_850 -40.247322 30.888995 -78.197901 -44.951666   4.738202
          1                tcwv  36.057331 10.970242  21.603036  35.798884  50.875742
          1               t_850 288.685782  3.468250 283.846457 289.015155 292.847539
          1               r_850  73.823655 16.639401  51.361977  75.354209  94.579541
          1               t_500 265.563470  2.164755 262.587259 265.841183 268.070094
          1               r_500  33.838502 31.022101   3.971655  20.812713  86.123457
          1               v_500  -0.409329  5.693787  -7.427040  -0.492419   6.721458
          1       wind_speed_10   2.678774  1.175113   1.213508   2.589463   4.236680
          1     delta_t_500_850 -23.122312  2.888795 -26.677414 -23.304145 -19.294260
          1 delta_t_850_surface  -6.221703  2.072664  -8.746844  -6.340480  -3.609157
          1     delta_r_500_850 -39.985153 30.958568 -78.753171 -44.007890   4.949999
          2                tcwv  35.828385 11.093896  21.272320  35.513380  50.863166
          2               t_850 288.631916  3.477560 283.666192 288.994112 292.782585
          2               r_850  73.649042 16.807776  50.702980  75.033384  94.576121
          2               t_500 265.556536  2.145421 262.593670 265.838485 268.046700
          2               r_500  33.675036 31.001086   4.031770  20.442561  86.216757
          2               v_500  -0.270925  5.700019  -7.462294  -0.415588   6.952738
          2       wind_speed_10   2.624265  1.148130   1.203316   2.523664   4.143757
          2     delta_t_500_850 -23.075380  2.879762 -26.528330 -23.307054 -19.184024
          2 delta_t_850_surface  -5.999281  2.102363  -8.573744  -6.120460  -3.297918
          2     delta_r_500_850 -39.974007 31.067999 -78.825947 -43.951118   5.452362
          3                tcwv  35.621439 11.072702  21.009556  35.427828  50.610560
          3               t_850 288.554426  3.457029 283.633762 288.920184 292.695839
          3               r_850  73.669900 16.974885  50.624813  75.473157  94.711325
          3               t_500 265.503900  2.152794 262.564448 265.762373 268.031513
          3               r_500  33.632378 30.974930   3.936734  20.160802  86.279940
          3               v_500  -0.097223  5.742889  -7.176595  -0.205992   7.075128
          3       wind_speed_10   2.590814  1.137365   1.185095   2.505873   4.055221
          3     delta_t_500_850 -23.050527  2.857764 -26.530750 -23.253360 -19.212863
          3 delta_t_850_surface  -5.892839  2.138186  -8.469549  -6.038181  -3.097520
          3     delta_r_500_850 -40.037522 31.109550 -78.875337 -44.102167   5.379353
          4                tcwv  35.417641 11.077292  20.967943  35.093815  50.447063
          4               t_850 288.461053  3.506703 283.529688 288.832005 292.584629
          4               r_850  73.630481 17.034066  50.624523  75.622276  94.680754
          4               t_500 265.448344  2.166971 262.426487 265.698777 268.001967
          4               r_500  33.484388 30.798438   4.024953  20.166432  86.012592
          4               v_500   0.140547  5.858587  -7.065365   0.063811   7.659015
          4       wind_speed_10   2.544949  1.109761   1.173363   2.461798   3.963150
          4     delta_t_500_850 -23.012709  2.890561 -26.526180 -23.242185 -19.132236
          4 delta_t_850_surface  -5.863051  2.187180  -8.511928  -5.989078  -2.992878
          4     delta_r_500_850 -40.146092 31.265782 -79.065452 -44.276233   5.360477
          5                tcwv  35.721329 11.001657  21.134911  35.681656  50.538521
          5               t_850 288.416941  3.501895 283.536196 288.809306 292.596909
          5               r_850  73.913431 16.711705  51.474746  75.550302  94.566007
          5               t_500 265.427218  2.144002 262.445315 265.695486 267.967865
          5               r_500  34.274144 30.943660   4.017078  21.775744  86.183910
          5               v_500   0.265322  5.840280  -6.845584   0.170740   7.766355
          5       wind_speed_10   2.517569  1.105473   1.173530   2.413915   3.963377
          5     delta_t_500_850 -22.989723  2.875740 -26.434351 -23.239459 -19.153887
          5 delta_t_850_surface  -5.897157  2.150300  -8.513259  -6.024848  -3.113904
          5     delta_r_500_850 -39.639287 31.586630 -78.939051 -44.337644   7.003095
          6                tcwv  35.781170 10.978995  21.132695  35.669871  50.463952
          6               t_850 288.398747  3.454704 283.473552 288.807937 292.544210
          6               r_850  73.906093 16.763477  51.672060  75.833697  94.702305
          6               t_500 265.372262  2.137270 262.435316 265.612417 267.896523
          6               r_500  34.623856 31.075761   4.068111  22.015561  86.955367
          6               v_500   0.390712  5.867088  -6.891948   0.322620   7.951413
          6       wind_speed_10   2.509764  1.085257   1.184489   2.414810   3.927200
          6     delta_t_500_850 -23.026485  2.837962 -26.405749 -23.255988 -19.217773
          6 delta_t_850_surface  -5.931712  2.146956  -8.554538  -6.032040  -3.153136
          6     delta_r_500_850 -39.282237 31.803843 -78.539524 -43.764432   7.586996
          7                tcwv  35.837682 11.034581  21.112883  35.824923  50.625369
          7               t_850 288.458552  3.521077 283.434579 288.903176 292.631571
          7               r_850  73.325740 17.130310  50.403142  75.065806  94.628288
          7               t_500 265.342148  2.159142 262.311612 265.606053 267.894642
          7               r_500  34.989598 30.885445   4.061269  22.717193  86.007915
          7               v_500   0.292926  5.901841  -7.021615   0.278225   7.883738
          7       wind_speed_10   2.493373  1.101891   1.141102   2.395438   3.929994
          7     delta_t_500_850 -23.116405  2.889740 -26.603817 -23.343266 -19.199267
          7 delta_t_850_surface  -6.761985  2.140366  -9.321250  -6.880365  -4.066864
          7     delta_r_500_850 -38.336142 32.112108 -78.646590 -41.984059   8.496976
          8                tcwv  35.881966 10.938850  21.279042  35.941287  50.482648
          8               t_850 288.506444  3.549569 283.494082 288.890592 292.792167
          8               r_850  73.138394 17.232646  50.182136  74.603555  94.944795
          8               t_500 265.311680  2.153964 262.374610 265.586427 267.858970
          8               r_500  34.531873 30.605157   3.927415  22.426681  84.690772
          8               v_500   0.267767  5.932048  -7.211438   0.219640   7.883578
          8       wind_speed_10   2.543453  1.142222   1.138495   2.454889   4.021678
          8     delta_t_500_850 -23.194765  2.912451 -26.788114 -23.387771 -19.291823
          8 delta_t_850_surface  -7.568039  1.994642  -9.901843  -7.680221  -5.084579
          8     delta_r_500_850 -38.606521 32.225496 -79.161085 -42.194548   8.587171
          9                tcwv  35.660585 11.125791  20.733272  35.797264  50.461263
          9               t_850 288.456525  3.538461 283.493574 288.842940 292.786407
          9               r_850  72.708982 17.760781  48.861533  74.506521  94.862872
          9               t_500 265.262981  2.153494 262.271680 265.517380 267.814221
          9               r_500  34.540997 30.608107   3.933200  22.505283  84.583225
          9               v_500   0.320901  5.985247  -7.277787   0.273999   7.916532
          9       wind_speed_10   2.653949  1.208192   1.172619   2.525520   4.233532
          9     delta_t_500_850 -23.193544  2.927702 -26.791190 -23.380841 -19.313071
          9 delta_t_850_surface  -8.129373  1.917174 -10.369162  -8.234447  -5.766217
          9     delta_r_500_850 -38.167986 32.261009 -79.090270 -41.692229   8.640828
         10                tcwv  35.362118 11.295373  20.230867  35.555199  50.526188
         10               t_850 288.511767  3.472726 283.679940 288.806582 292.727009
         10               r_850  72.057701 18.458709  46.816160  74.376389  94.716930
         10               t_500 265.268118  2.126244 262.324373 265.545977 267.773664
         10               r_500  33.870688 30.631240   3.828010  21.514021  85.016218
         10               v_500   0.065680  5.899342  -7.428673   0.006688   7.483988
         10       wind_speed_10   2.752778  1.250858   1.215199   2.626103   4.378238
         10     delta_t_500_850 -23.243649  2.886711 -26.703569 -23.451215 -19.474720
         10 delta_t_850_surface  -8.597331  1.813273 -10.735155  -8.729126  -6.375810
         10     delta_r_500_850 -38.187013 32.122243 -79.027602 -41.763216   7.785255
         11                tcwv  36.195340 10.900766  21.457167  36.452997  50.931310
         11               t_850 288.592012  3.528109 283.629915 288.959205 292.840124
         11               r_850  73.451540 17.426811  49.704593  76.086939  94.368955
         11               t_500 265.265811  2.146666 262.307392 265.485617 267.871308
         11               r_500  34.666219 30.695159   3.938168  22.831462  84.668730
         11               v_500  -0.046021  5.912544  -7.583502  -0.033558   7.459242
         11       wind_speed_10   2.846024  1.280172   1.303493   2.709727   4.516344
         11     delta_t_500_850 -23.326200  2.898815 -26.830944 -23.544215 -19.584094
         11 delta_t_850_surface  -9.114455  1.706593 -11.093566  -9.230093  -7.005881
         11     delta_r_500_850 -38.785322 32.904450 -80.181722 -42.976951   8.741735
         12                tcwv  36.682509 10.902693  21.891486  36.996560  51.239393
         12               t_850 288.706230  3.506107 283.738358 289.089095 292.918025
         12               r_850  74.284587 16.973039  50.920905  76.877036  94.534929
         12               t_500 265.331984  2.133888 262.370467 265.582607 267.858854
         12               r_500  35.273593 30.872330   4.054643  23.479737  85.325246
         12               v_500  -0.301158  5.831769  -7.539344  -0.340681   7.097469
         12       wind_speed_10   2.958968  1.264620   1.445845   2.826968   4.638805
         12     delta_t_500_850 -23.374246  2.849008 -26.831383 -23.583106 -19.610509
         12 delta_t_850_surface  -9.792764  1.634374 -11.835655  -9.824475  -7.748652
         12     delta_r_500_850 -39.010994 32.653643 -79.936738 -43.210470   7.438012
         13                tcwv  36.822448 10.873605  22.185191  37.074008  51.316676
         13               t_850 288.804126  3.485369 283.888419 289.213488 292.983451
         13               r_850  74.859985 16.219548  52.854152  77.065689  94.454606
         13               t_500 265.367728  2.131041 262.425055 265.646602 267.888753
         13               r_500  35.012904 30.672058   4.159007  22.709937  85.166484
         13               v_500  -0.319307  5.732236  -7.367251  -0.393884   6.875413
         13       wind_speed_10   3.147685  1.260044   1.653635   3.016021   4.806139
         13     delta_t_500_850 -23.436398  2.845274 -26.848787 -23.713456 -19.649449
         13 delta_t_850_surface  -9.988850  1.581610 -11.898127 -10.049716  -8.013259
         13     delta_r_500_850 -39.847081 32.189747 -79.565290 -44.822592   6.711295
         14                tcwv  36.904619 10.872599  22.142790  37.197342  51.300258
         14               t_850 288.896721  3.526655 283.952934 289.376577 293.142813
         14               r_850  75.131472 15.779693  54.281410  77.084337  94.391956
         14               t_500 265.378879  2.157900 262.363601 265.658612 267.972793
         14               r_500  34.779045 30.470184   4.148528  22.949099  84.671594
         14               v_500  -0.359995  5.740092  -7.452014  -0.456440   6.770053
         14       wind_speed_10   3.385697  1.240795   1.870520   3.285561   4.999952
         14     delta_t_500_850 -23.517842  2.858296 -26.955457 -23.793021 -19.648581
         14 delta_t_850_surface  -9.856785  1.576654 -11.761655  -9.904305  -7.868188
         14     delta_r_500_850 -40.352427 31.572334 -79.254409 -45.352673   5.521145
         15                tcwv  36.936461 10.910477  21.896636  37.233015  51.463220
         15               t_850 289.080918  3.535365 284.094885 289.486278 293.307202
         15               r_850  74.661287 15.606349  53.850556  76.473023  93.956947
         15               t_500 265.438818  2.144738 262.423898 265.713155 268.008446
         15               r_500  34.484522 30.208943   4.191659  23.131341  84.864349
         15               v_500  -0.333166  5.701645  -7.361562  -0.445389   6.860981
         15       wind_speed_10   3.584229  1.222585   2.119982   3.477591   5.181475
         15     delta_t_500_850 -23.642100  2.878138 -27.047653 -23.900239 -19.805707
         15 delta_t_850_surface  -9.613276  1.605957 -11.584474  -9.646294  -7.587381
         15     delta_r_500_850 -40.176766 30.743671 -78.539440 -44.901735   4.127424
         16                tcwv  36.730312 11.001310  21.803654  36.866541  51.502483
         16               t_850 289.098821  3.556993 284.105124 289.469864 293.416997
         16               r_850  74.254089 15.972706  52.230285  76.167597  94.389044
         16               t_500 265.475515  2.167802 262.414514 265.735358 268.077429
         16               r_500  33.942309 29.960468   4.090818  22.739325  84.100547
         16               v_500  -0.175055  5.613609  -7.030915  -0.313803   6.971308
         16       wind_speed_10   3.697969  1.197351   2.244271   3.593179   5.311794
         16     delta_t_500_850 -23.623306  2.912313 -27.113580 -23.875478 -19.776823
         16 delta_t_850_surface  -9.289352  1.610401 -11.225124  -9.351565  -7.285799
         16     delta_r_500_850 -40.311780 30.279679 -78.529868 -44.547352   4.322883
         17                tcwv  36.877144 10.945711  21.982803  37.002065  51.711602
         17               t_850 289.141954  3.573318 284.139189 289.500114 293.451744
         17               r_850  74.303438 16.061397  51.967271  75.885403  94.535014
         17               t_500 265.515107  2.173080 262.445648 265.785508 268.096540
         17               r_500  34.002911 29.867009   4.173244  23.031456  83.418046
         17               v_500  -0.078742  5.558238  -7.015377  -0.217016   6.996770
         17       wind_speed_10   3.638648  1.203802   2.120467   3.536985   5.290573
         17     delta_t_500_850 -23.626847  2.906492 -27.108113 -23.853574 -19.728732
         17 delta_t_850_surface  -8.787371  1.629379 -10.707981  -8.860864  -6.758401
         17     delta_r_500_850 -40.300527 30.002174 -78.034407 -44.305641   3.316215
         18                tcwv  36.846179 10.999809  21.855986  36.948241  51.751746
         18               t_850 289.158999  3.534483 284.206292 289.541787 293.387092
         18               r_850  73.950551 16.559434  51.240299  75.826114  94.534337
         18               t_500 265.560679  2.169590 262.547287 265.836650 268.098442
         18               r_500  33.751788 30.039254   4.086034  22.437521  84.024615
         18               v_500   0.006493  5.507463  -6.855357  -0.154808   7.103784
         18       wind_speed_10   3.488754  1.224848   1.965295   3.400438   5.178290
         18     delta_t_500_850 -23.598320  2.879418 -26.995060 -23.820259 -19.748503
         18 delta_t_850_surface  -7.941308  1.725762  -9.925931  -8.077879  -5.737716
         18     delta_r_500_850 -40.198763 29.688997 -77.779938 -44.339177   2.427144
         19                tcwv  36.677078 11.135875  21.667058  36.750433  51.721923
         19               t_850 289.089433  3.542913 284.175686 289.421310 293.400698
         19               r_850  73.517233 16.814994  49.901142  75.455993  94.461661
         19               t_500 265.601508  2.170337 262.582257 265.846919 268.149057
         19               r_500  33.789390 30.276094   3.961380  22.277512  84.592872
         19               v_500  -0.185374  5.548370  -7.014649  -0.304445   6.849288
         19       wind_speed_10   3.219736  1.240742   1.652058   3.145381   4.931395
         19     delta_t_500_850 -23.487925  2.928154 -26.988184 -23.685629 -19.632918
         19 delta_t_850_surface  -7.223299  1.883782  -9.422277  -7.380588  -4.834196
         19     delta_r_500_850 -39.727844 29.977421 -77.634773 -43.619315   3.905622
         20                tcwv  36.769148 11.111730  21.933277  36.893711  51.801287
         20               t_850 289.012896  3.539619 284.117110 289.342355 293.323348
         20               r_850  73.631998 16.807249  50.559898  75.543223  94.372062
         20               t_500 265.628152  2.160344 262.666033 265.876231 268.143350
         20               r_500  34.342839 30.792981   3.984522  22.283805  86.227369
         20               v_500  -0.207796  5.512196  -6.945267  -0.344485   6.794452
         20       wind_speed_10   3.075002  1.249679   1.498883   2.970078   4.800699
         20     delta_t_500_850 -23.384744  2.951646 -26.987480 -23.548335 -19.487386
         20 delta_t_850_surface  -6.931481  1.940923  -9.269145  -7.033135  -4.505185
         20     delta_r_500_850 -39.289160 30.390340 -77.641602 -43.348475   5.113516
         21                tcwv  36.369039 11.150786  21.487928  36.415826  51.509683
         21               t_850 288.908996  3.522216 284.072179 289.215995 293.224214
         21               r_850  73.414330 17.104597  50.032571  75.536524  94.430574
         21               t_500 265.605174  2.162026 262.649348 265.835821 268.145331
         21               r_500  33.675156 30.866161   3.893336  20.618691  86.693516
         21               v_500  -0.222614  5.602129  -7.042322  -0.275908   6.799540
         21       wind_speed_10   2.990257  1.278815   1.363458   2.899005   4.724067
         21     delta_t_500_850 -23.303821  2.946328 -26.908414 -23.476259 -19.373918
         21 delta_t_850_surface  -6.852379  1.972402  -9.248508  -6.930130  -4.373702
         21     delta_r_500_850 -39.739173 30.568444 -78.125987 -43.572454   4.888971
         22                tcwv  35.949116 11.324882  20.964991  35.740439  51.511106
         22               t_850 288.832065  3.468408 284.097973 289.080417 293.070008
         22               r_850  73.060313 17.224940  49.285573  75.005528  94.464636
         22               t_500 265.586334  2.172116 262.613247 265.848938 268.142940
         22               r_500  33.161533 30.921049   3.691133  19.922646  86.218710
         22               v_500  -0.320236  5.612028  -7.136523  -0.378485   6.708489
         22       wind_speed_10   2.914846  1.272516   1.301453   2.824476   4.650896
         22     delta_t_500_850 -23.245731  2.935175 -26.903312 -23.413787 -19.352144
         22 delta_t_850_surface  -6.733853  2.028243  -9.173773  -6.827870  -4.174896
         22     delta_r_500_850 -39.898780 30.388103 -78.186279 -43.957303   4.838494
         23                tcwv  36.399230 11.112051  21.754154  36.144597  51.539708
         23               t_850 288.746477  3.502480 283.890931 289.055973 292.996059
         23               r_850  74.036314 16.594430  51.364282  75.804696  94.676331
         23               t_500 265.594747  2.187982 262.559326 265.878693 268.148603
         23               r_500  33.967409 31.202069   3.826819  20.718376  86.644044
         23               v_500  -0.338068  5.665733  -7.303056  -0.412941   6.818371
         23       wind_speed_10   2.823279  1.252427   1.259040   2.714257   4.509308
         23     delta_t_500_850 -23.151730  2.908428 -26.745166 -23.314268 -19.270656
         23 delta_t_850_surface  -6.722017  2.005287  -9.132586  -6.824507  -4.202069
         23     delta_r_500_850 -40.068906 30.956916 -78.496066 -44.220921   5.243571

PICOS/MÍNIMOS - PERFIL LOCAL BRUTO
----------------------------------------------------------------------------------------------------
- {'event_id': 'gt_0', 'metric': 'timestamp_any_event_rate', 'peak_hour': 13, 'peak_value': 0.7023846392071849, 'trough_hour': 1, 'trough_value': 0.4892315873437915, 'absolute_amplitude': 0.21315305186339334, 'peak_to_trough_ratio': 1.435689471770773}
- {'event_id': 'ge_20', 'metric': 'timestamp_any_event_rate', 'peak_hour': 13, 'peak_value': 0.6999070919789409, 'trough_hour': 1, 'trough_value': 0.48657272002127094, 'absolute_amplitude': 0.2133343719576699, 'peak_to_trough_ratio': 1.4384429360288506}
- {'event_id': 'ge_30', 'metric': 'timestamp_any_event_rate', 'peak_hour': 14, 'peak_value': 0.5104166666666666, 'trough_hour': 4, 'trough_value': 0.22136775611095852, 'absolute_amplitude': 0.28904891055570814, 'peak_to_trough_ratio': 2.3057407981803144}
- {'event_id': 'ge_40', 'metric': 'timestamp_any_event_rate', 'peak_hour': 14, 'peak_value': 0.37224264705882354, 'trough_hour': 6, 'trough_value': 0.08819951338199514, 'absolute_amplitude': 0.28404313367682843, 'peak_to_trough_ratio': 4.220461460446248}
- {'event_id': 'ge_45', 'metric': 'timestamp_any_event_rate', 'peak_hour': 13, 'peak_value': 0.23381851966553113, 'trough_hour': 7, 'trough_value': 0.01747269890795632, 'absolute_amplitude': 0.2163458207575748, 'peak_to_trough_ratio': 13.381934920143344}

PICOS/MÍNIMOS - PERFIL PADRONIZADO POR ESTAÇÃO
----------------------------------------------------------------------------------------------------
- {'event_id': 'gt_0', 'metric': 'timestamp_any_event_rate', 'peak_hour': 13, 'peak_value': 0.6876031686526352, 'trough_hour': 2, 'trough_value': 0.4843325105664019, 'absolute_amplitude': 0.20327065808623324, 'peak_to_trough_ratio': 1.4196923676432927}
- {'event_id': 'ge_20', 'metric': 'timestamp_any_event_rate', 'peak_hour': 13, 'peak_value': 0.6851755716117961, 'trough_hour': 2, 'trough_value': 0.4818418912124425, 'absolute_amplitude': 0.20333368039935362, 'peak_to_trough_ratio': 1.4219925334588737}
- {'event_id': 'ge_30', 'metric': 'timestamp_any_event_rate', 'peak_hour': 14, 'peak_value': 0.49142306820225296, 'trough_hour': 6, 'trough_value': 0.2165749679360039, 'absolute_amplitude': 0.27484810026624906, 'peak_to_trough_ratio': 2.269066794217254}
- {'event_id': 'ge_40', 'metric': 'timestamp_any_event_rate', 'peak_hour': 14, 'peak_value': 0.35534531077310405, 'trough_hour': 6, 'trough_value': 0.08689031233792781, 'absolute_amplitude': 0.26845499843517623, 'peak_to_trough_ratio': 4.08958491702872}
- {'event_id': 'ge_45', 'metric': 'timestamp_any_event_rate', 'peak_hour': 13, 'peak_value': 0.2217416634970819, 'trough_hour': 7, 'trough_value': 0.016801449212341932, 'absolute_amplitude': 0.20494021428473996, 'peak_to_trough_ratio': 13.197770067012787}

AVISOS / NOTAS
----------------------------------------------------------------------------------------------------
- WARNING: At least one year-local-hour cell has <25% coverage; inspect year_hour_coverage_local.parquet before interpreting individual years.
- NOTE: Primary occurrence metric: P(event | available timestamp, hour).
- NOTE: Season-standardized local profile helps separate diurnal structure from unequal seasonal composition.
- NOTE: America/Sao_Paulo historical timezone rules handle past DST transitions.
- NOTE: Pixel rates describe the stored overlapping-patch distribution, not a de-duplicated radar field climatology.
- NOTE: mean_event_pixel_fraction_given_event_timestamp separates spatial extent from occurrence frequency.

====================================================================================================
FIM DA FASE 6
====================================================================================================